,grades_max
0,39
1,59
2,49
3,53
4,51
5,59
6,57
7,57
8,40
9,62
10,40
11,46
12,62
13,53
14,62
15,64
16,44
17,44
18,59
19,55
20,46
21,49
22,55
23,49
24,66
25,53
26,44
27,62
28,62
29,67
30,66
31,42
32,46
33,55
34,44
35,55
36,59
37,53
38,66
39,49
40,57
41,57
42,53
43,49
44,57
45,51
46,64
47,51
48,44
49,62
50,55
51,52
52,62
53,64
54,57
55,49
56,44
57,57
58,49
59,70
60,53
61,44
62,53
63,45
64,51
65,59
66,72
67,62
68,72
69,40
70,57
71,62
72,74
73,53
74,62
75,51
76,70
77,64
78,49
79,44
80,66
81,64
82,51
83,59
84,59
85,44
86,68
87,53
88,46
89,64
90,66
91,57
92,51
93,46
94,62
95,56
96,55
97,46
98,64
99,64
100,66
101,57
102,57
103,64
104,66
105,53
106,55
107,53
108,66
109,62
110,57
111,62
112,59
113,66
114,59
115,72
116,49
117,49
118,66
119,62
120,40
121,53
122,57
123,64
124,55
125,62
126,68
127,61
128,62
129,68
130,53
131,66
132,64
133,59
134,59
135,49
136,63
137,57
138,71
139,56
140,44
141,62
142,53
143,59
144,53
145,72
146,49
147,64
148,42
149,55
150,46
151,55
152,57
153,59
154,62
155,59
156,49
157,49
158,51
159,55
160,59
161,53
162,43
163,49
164,64
165,49
166,53
167,55
168,56
169,57
170,57
171,62
172,38
173,44
174,64
175,70
176,51
177,68
178,57
179,57
180,49
181,53
182,46
183,66
184,57
185,53
186,55
187,55
188,57
189,62
190,71
191,62
192,72
193,52
194,65
195,62
196,66
197,59
198,42
199,58
200,53
201,57
202,57
203,66
204,64
205,51
206,53
207,66
208,66
209,55
210,66
211,62
212,57
213,64
214,70
215,72
216,64
217,55
218,59
219,62
220,57
221,55
222,51
223,53
224,57
225,62
226,44
227,68
228,55
229,59
230,70
231,55
232,55
233,59
234,70
235,71
236,57
237,44
238,59
239,64
240,57
241,55
242,55
243,57
244,55
245,55
246,62
247,51
248,49
249,66
250,55
251,62
252,49
253,44
254,66
255,57
256,66
257,57
258,72
259,68
260,38
261,62
262,55
263,53
264,64
265,53
266,51
267,55
268,55
269,70
270,49
271,64
272,61
273,49
274,61
275,57
276,51
277,62
278,66
279,62
280,64
281,64
282,64
283,57
284,53
285,66
286,59
287,66
288,49
289,64
290,38
291,70
292,64
293,59
294,59
295,66
296,66
297,53
298,53
299,66
300,68
301,57
302,57
303,64
304,59
305,51
306,36
307,55
308,53
309,59
310,62
311,40
312,49
313,51
314,55
315,64
316,46
317,57
318,63
319,49
320,64
321,64
322,68
323,57
324,66
325,57
326,66
327,63
328,57
329,51
330,61
331,66
332,51
333,46
334,56
335,51
336,59
337,53
338,41
339,57
340,55
341,66
342,55
343,65
344,55
345,55
346,57
347,75
348,59
349,55
350,62
351,59
352,62
353,59
354,59
355,70
356,70
357,59
358,53
359,68
360,53
361,62
362,49
363,62
364,66
365,66
366,64
367,51
368,57
369,64
370,51
371,49
372,70
373,62
374,51
375,64
376,49
377,49
378,44
379,57
380,53
381,66
382,46
383,66
384,58
385,53
386,53
387,62
388,57
389,44
390,59
391,59
392,46
393,62
394,38
395,64
396,64
397,53
398,59
399,64
400,49
401,57
402,64
403,57
404,57
405,59
406,63
407,75
408,57
409,49
410,53
411,68
412,55
413,57
414,51
415,45
416,72
417,62
418,57
419,51
420,64
421,46
422,66
423,59
424,53
425,45
426,66
427,53
428,62
429,49
430,49
431,46
432,51
433,66
434,59
435,49
436,42
437,51
438,51
439,51
440,62
441,64
442,51
443,51
444,68
445,57
446,57
447,51
448,68
449,57
450,57
451,66
452,57
453,66
454,64
455,49
456,38
457,57
458,59
459,59
460,62
461,55
462,63
463,55
464,42
465,62
466,55
467,59
468,59
469,51
470,54
471,64
472,62
473,51
474,64
475,59
476,44
477,51
478,57
479,50
480,66
481,62
482,62
483,50
484,59
485,53
486,64
487,66
488,57
489,61
490,66
491,57
492,49
493,42
494,54
495,46
496,64
497,59
498,51
499,55
500,64
501,53
502,59
503,62
504,53
505,49
506,53
507,49
508,57
509,66
510,46
511,46
512,51
513,59
514,57
515,57
516,59
517,62
518,51
519,49
520,64
521,68
522,62
523,59
524,66
525,49
526,62
527,56
528,49
529,66
530,44
531,38
532,49
533,55
534,49
535,62
536,40
537,46
538,64
539,68
540,59
541,57
542,62
543,66
544,57
545,51
546,51
547,62
548,55
549,57
550,38
551,72
552,53
553,68
554,46
555,49
556,64
557,55
558,49
559,64
560,61
561,55
562,62
563,62
564,40
565,53
566,61
567,49
568,64
569,64
570,57
571,66
572,66
573,62
574,57
575,51
576,49
577,66
578,64
579,66
580,49
581,64
582,55
583,62
584,64
585,51
586,39
587,55
588,52
589,49
590,68
591,62
592,70
593,62
594,51
595,52
596,64
597,64
598,62
599,77
600,57
601,70
602,51
603,57
604,66
605,62
606,53
607,59
608,49
609,64
610,53
611,64
612,40
613,70
614,64
615,57
616,55
617,64
618,49
619,69
620,49
621,64
622,68
623,51
624,51
625,62
626,53
627,62
628,61
629,57
630,75
631,57
632,62
633,57
634,68
635,54
636,42
637,57
638,48
639,64
640,44
641,55
642,51
643,58
644,59
645,46
646,46
647,55
648,55
649,42
650,66
651,62
652,44
653,53
654,66
655,68
656,55
657,57
658,49
659,62
660,62
661,44
662,55
663,57
664,57
665,49
666,59
667,68
668,55
669,62
670,59
671,42
672,55
673,72
674,55
675,62
676,40
677,66
678,64
679,62
680,36
681,55
682,48
683,46
684,62
685,53
686,62
687,51
688,59
689,64
690,42
691,57
692,51
693,53
694,44
695,68
696,53
697,55
698,74
699,57
700,66
701,46
702,64
703,51
704,51
705,64
706,64
707,40
708,62
709,59
710,57
711,62
712,46
713,53
714,62
715,64
716,51
717,57
718,57
719,46
720,55
721,75
722,62
723,57
724,57
725,33
726,53
727,55
728,59
729,66
730,75
731,55
732,46
733,64
734,49
735,66
736,57
737,55
738,62
739,46
740,40
741,38
742,59
743,46
744,53
745,66
746,49
747,55
748,49
749,56
750,70
751,49
752,66
753,53
754,53
755,68
756,57
757,59
758,51
759,49
760,70
761,51
762,64
763,59
764,53
765,62
766,62
767,62
768,66
769,66
770,46
771,66
772,46
773,64
774,59
775,62
776,57
777,53
778,44
779,44
780,57
781,59
782,53
783,51
784,42
785,57
786,62
787,49
788,62
789,59
790,59
791,51
792,58
793,49
794,46
795,59
796,44
797,46
798,53
799,55
800,46
801,58
802,40
803,62
804,51
805,68
806,69
807,53
808,62
809,62
810,62
811,62
812,57
813,57
814,49
815,59
816,70
817,59
818,44
819,57
820,64
821,51
822,44
823,66
824,68
825,53
826,55
827,51
828,51
829,62
830,55
831,68
832,62
833,57
834,40
835,42
836,53
837,62
838,53
839,68
840,36
841,51
842,38
843,38
844,59
845,57
846,42
847,57
848,56
849,65
850,62
851,53
852,55
853,59
854,51
855,58
856,66
857,68
858,51
859,51
860,55
861,62
862,64
863,44
864,46
865,59
866,59
867,53
868,53
869,55
870,49
871,59
872,57
873,51
874,68
875,50
876,59
877,64
878,57
879,55
880,49
881,55
882,57
883,64
884,57
885,57
886,33
887,46
888,55
889,62
890,53
891,75
892,40
893,58
894,59
895,57
896,46
897,59
898,55
899,49
900,62
901,51
902,62
903,64
904,44
905,53
906,68
907,52
908,64
909,59
910,57
911,33
912,44
913,68
914,49
915,59
916,57
917,51
918,46
919,66
920,49
921,66
922,51
923,62
924,46
925,57
926,64
927,57
928,57
929,70
930,41
931,61
932,62
933,64
934,62
935,49
936,44
937,51
938,49
939,74
940,59
941,66
942,75
943,64
944,59
945,66
946,59
947,59
948,59
949,53
950,68
951,61
952,49
953,62
954,57
955,66
956,45
957,57
958,53
959,72
960,54
961,77
962,68
963,59
964,49
965,66
966,49
967,57
968,53
969,36
970,59
971,66
972,38
973,42
974,62
975,57
976,55
977,59
978,68
979,66
980,64
981,55
982,68
983,44
984,53
985,55
986,42
987,64
988,46
989,62
990,59
991,56
992,62
993,44
994,62
995,75
996,70
997,55
998,55
999,57
1000,55
1001,57
1002,70
1003,66
1004,64
1005,51
1006,68
1007,53
1008,59
1009,44
1010,68
1011,64
1012,66
1013,49
1014,66
1015,57
1016,42
1017,68
1018,57
1019,66
1020,66
1021,53
1022,55
1023,49
1024,53
1025,66
1026,59
1027,64
1028,55
1029,46
1030,40
1031,53
1032,51
1033,57
1034,64
1035,62
1036,64
1037,68
1038,68
1039,53
1040,49
1041,51
1042,53
1043,62
1044,57
1045,59
1046,68
1047,59
1048,59
1049,64
1050,51
1051,42
1052,66
1053,46
1054,49
1055,70
1056,49
1057,44
1058,64
1059,38
1060,66
1061,55
1062,59
1063,62
1064,50
1065,49
1066,53
1067,72
1068,66
1069,40
1070,44
1071,57
1072,53
1073,49
1074,55
1075,59
1076,53
1077,62
1078,70
1079,64
1080,62
1081,62
1082,51
1083,51
1084,53
1085,49
1086,49
1087,57
1088,49
1089,62
1090,68
1091,62
1092,55
1093,49
1094,40
1095,62
1096,61
1097,62
1098,62
1099,75
1100,68
1101,66
1102,51
1103,59
1104,49
1105,46
1106,62
1107,66
1108,57
1109,72
1110,55
1111,40
1112,36
1113,53
1114,44
1115,77
1116,57
1117,53
1118,40
1119,49
1120,59
1121,49
1122,40
1123,70
1124,40
1125,51
1126,51
1127,46
1128,62
1129,57
1130,46
1131,42
1132,66
1133,55
1134,57
1135,62
1136,75
1137,59
1138,62
1139,55
1140,64
1141,64
1142,68
1143,66
1144,62
1145,62
1146,62
1147,62
1148,70
1149,62
1150,53
1151,62
1152,68
1153,62
1154,53
1155,50
1156,57
1157,59
1158,59
1159,49
1160,59
1161,53
1162,49
1163,51
1164,49
1165,59
1166,62
1167,69
1168,51
1169,53
1170,53
1171,65
1172,53
1173,64
1174,59
1175,62
1176,51
1177,58
1178,42
1179,51
1180,57
1181,51
1182,58
1183,59
1184,75
1185,53
1186,46
1187,66
1188,66
1189,59
1190,62
1191,53
1192,49
1193,62
1194,51
1195,55
1196,53
1197,38
1198,59
1199,68
1200,53
1201,62
1202,49
1203,64
1204,58
1205,62
1206,51
1207,68
1208,42
1209,65
1210,62
1211,64
1212,48
1213,48
1214,66
1215,44
1216,53
1217,51
1218,64
1219,55
1220,40
1221,57
1222,59
1223,62
1224,70
1225,49
1226,49
1227,51
1228,64
1229,55
1230,64
1231,44
1232,49
1233,62
1234,57
1235,53
1236,62
1237,57
1238,55
1239,70
1240,55
1241,55
1242,62
1243,72
1244,53
1245,64
1246,64
1247,64
1248,59
1249,55
1250,49
1251,51
1252,66
1253,59
1254,62
1255,66
1256,59
1257,59
1258,62
1259,33
1260,64
1261,40
1262,57
1263,68
1264,57
1265,57
1266,55
1267,75
1268,70
1269,77
1270,44
1271,62
1272,57
1273,46
1274,46
1275,57
1276,49
1277,40
1278,62
1279,57
1280,49
1281,51
1282,57
1283,62
1284,46
1285,62
1286,66
1287,57
1288,49
1289,62
1290,66
1291,36
1292,32
1293,64
1294,44
1295,57
1296,53
1297,53
1298,49
1299,65
1300,62
1301,55
1302,50
1303,53
1304,51
1305,46
1306,62
1307,46
1308,72
1309,51
1310,57
1311,62
1312,62
1313,62
1314,57
1315,55
1316,44
1317,44
1318,57
1319,46
1320,62
1321,51
1322,64
1323,57
1324,68
1325,64
1326,55
1327,68
1328,57
1329,46
1330,70
1331,57
1332,53
1333,55
1334,70
1335,40
1336,40
1337,64
1338,42
1339,68
1340,57
1341,54
1342,59
1343,64
1344,59
1345,51
1346,52
1347,54
1348,62
1349,62
1350,62
1351,70
1352,64
1353,72
1354,36
1355,51
1356,62
1357,55
1358,59
1359,55
1360,55
1361,64
1362,57
1363,53
1364,36
1365,64
1366,59
1367,55
1368,62
1369,59
1370,68
1371,57
1372,49
1373,59
1374,57
1375,64
1376,68
1377,70
1378,56
1379,62
1380,46
1381,62
1382,55
1383,66
1384,44
1385,57
1386,51
1387,36
1388,64
1389,62
1390,56
1391,62
1392,53
1393,62
1394,45
1395,59
1396,65
1397,44
1398,53
1399,65
1400,70
1401,59
1402,55
1403,64
1404,50
1405,53
1406,59
1407,66
1408,68
1409,38
1410,62
1411,55
1412,40
1413,65
1414,53
1415,66
1416,64
1417,49
1418,51
1419,68
1420,53
1421,57
1422,64
1423,62
1424,68
1425,59
1426,51
1427,46
1428,49
1429,55
1430,65
1431,44
1432,49
1433,62
1434,57
1435,44
1436,55
1437,57
1438,51
1439,64
1440,57
1441,56
1442,53
1443,68
1444,59
1445,51
1446,75
1447,66
1448,66
1449,57
1450,68
1451,57
1452,64
1453,55
1454,64
1455,55
1456,57
1457,59
1458,64
1459,46
1460,64
1461,62
1462,49
1463,75
1464,53
1465,61
1466,51
1467,55
1468,59
1469,62
1470,53
1471,66
1472,42
1473,57
1474,36
1475,44
1476,49
1477,51
1478,49
1479,59
1480,56
1481,53
1482,49
1483,55
1484,68
1485,64
1486,72
1487,62
1488,58
1489,64
1490,40
1491,59
1492,62
1493,59
1494,66
1495,56
1496,57
1497,53
1498,55
1499,53
1500,64
1501,62
1502,57
1503,59
1504,46
1505,57
1506,66
1507,52
1508,53
1509,57
1510,66
1511,57
1512,64
1513,49
1514,44
1515,66
1516,62
1517,51
1518,49
1519,62
1520,62
1521,53
1522,51
1523,57
1524,54
1525,62
1526,62
1527,62
1528,55
1529,70
1530,62
1531,53
1532,49
1533,62
1534,63
1535,51
1536,62
1537,62
1538,64
1539,51
1540,66
1541,62
1542,49
1543,76
1544,64
1545,53
1546,62
1547,68
1548,53
1549,64
1550,62
1551,52
1552,51
1553,62
1554,51
1555,44
1556,46
1557,64
1558,53
1559,42
1560,62
1561,55
1562,49
1563,53
1564,62
1565,64
1566,64
1567,53
1568,49
1569,62
1570,59
1571,66
1572,62
1573,51
1574,64
1575,64
1576,53
1577,55
1578,42
1579,50
1580,53
1581,62
1582,64
1583,53
1584,66
1585,59
1586,49
1587,57
1588,57
1589,64
1590,53
1591,55
1592,53
1593,59
1594,62
1595,66
1596,57
1597,68
1598,64
1599,42
1600,40
1601,67
1602,53
1603,75
1604,66
1605,64
1606,62
1607,57
1608,63
1609,70
1610,57
1611,46
1612,70
1613,62
1614,57
1615,62
1616,62
1617,63
1618,66
1619,55
1620,66
1621,55
1622,54
1623,49
1624,66
1625,62
1626,42
1627,44
1628,53
1629,55
1630,72
1631,51
1632,57
1633,55
1634,68
1635,57
1636,62
1637,64
1638,55
1639,36
1640,55
1641,59
1642,62
1643,57
1644,62
1645,66
1646,64
1647,50
1648,59
1649,53
1650,53
1651,53
1652,59
1653,56
1654,55
1655,53
1656,66
1657,52
1658,64
1659,72
1660,44
1661,51
1662,66
1663,59
1664,62
1665,55
1666,57
1667,44
1668,64
1669,49
1670,59
1671,56
1672,68
1673,40
1674,66
1675,57
1676,57
1677,59
1678,57
1679,62
1680,75
1681,44
1682,64
1683,55
1684,51
1685,57
1686,66
1687,51
1688,44
1689,49
1690,68
1691,51
1692,62
1693,53
1694,75
1695,69
1696,55
1697,59
1698,66
1699,64
1700,57
1701,53
1702,59
1703,57
1704,62
1705,57
1706,70
1707,64
1708,62
1709,49
1710,49
1711,68
1712,44
1713,55
1714,59
1715,55
1716,59
1717,57
1718,62
1719,59
1720,51
1721,49
1722,56
1723,68
1724,66
1725,55
1726,64
1727,68
1728,70
1729,46
1730,49
1731,53
1732,49
1733,57
1734,58
1735,46
1736,62
1737,53
1738,51
1739,57
1740,51
1741,49
1742,62
1743,62
1744,51
1745,57
1746,58
1747,55
1748,38
1749,59
1750,57
1751,64
1752,64
1753,44
1754,46
1755,55
1756,62
1757,55
1758,66
1759,57
1760,62
1761,50
1762,62
1763,62
1764,49
1765,64
1766,53
1767,64
1768,51
1769,70
1770,63
1771,59
1772,46
1773,55
1774,59
1775,46
1776,62
1777,62
1778,49
1779,57
1780,57
1781,55
1782,55
1783,72
1784,64
1785,42
1786,49
1787,66
1788,59
1789,55
1790,57
1791,65
1792,55
1793,51
1794,53
1795,42
1796,51
1797,57
1798,55
1799,66
1800,70
1801,46
1802,66
1803,70
1804,59
1805,49
1806,62
1807,68
1808,64
1809,55
1810,66
1811,62
1812,53
1813,58
1814,66
1815,44
1816,55
1817,70
1818,57
1819,68
1820,57
1821,64
1822,55
1823,62
1824,62
1825,57
1826,51
1827,55
1828,68
1829,48
1830,53
1831,44
1832,70
1833,53
1834,55
1835,68
1836,53
1837,64
1838,57
1839,70
1840,42
1841,75
1842,62
1843,64
1844,53
1845,55
1846,72
1847,42
1848,55
1849,53
1850,68
1851,49
1852,62
1853,64
1854,55
1855,72
1856,38
1857,51
1858,66
1859,62
1860,42
1861,62
1862,62
1863,49
1864,57
1865,55
1866,64
1867,66
1868,62
1869,66
1870,66
1871,59
1872,68
1873,46
1874,62
1875,53
1876,70
1877,70
1878,33
1879,55
1880,49
1881,62
1882,53
1883,55
1884,55
1885,68
1886,46
1887,55
1888,46
1889,57
1890,66
1891,70
1892,66
1893,66
1894,57
1895,62
1896,53
1897,55
1898,58
1899,64
1900,62
1901,62
1902,68
1903,53
1904,55
1905,64
1906,59
1907,61
1908,52
1909,40
1910,69
1911,57
1912,49
1913,70
1914,53
1915,59
1916,66
1917,62
1918,64
1919,72
1920,59
1921,53
1922,55
1923,51
1924,55
1925,57
1926,62
1927,36
1928,57
1929,42
1930,53
1931,64
1932,59
1933,57
1934,55
1935,46
1936,57
1937,51
1938,59
1939,51
1940,70
1941,46
1942,70
1943,53
1944,53
1945,42
1946,53
1947,38
1948,53
1949,46
1950,62
1951,66
1952,55
1953,62
1954,53
1955,55
1956,64
1957,57
1958,62
1959,68
1960,59
1961,57
1962,68
1963,68
1964,49
1965,62
1966,75
1967,46
1968,51
1969,55
1970,62
1971,53
1972,49
1973,57
1974,68
1975,57
1976,68
1977,59
1978,59
1979,62
1980,64
1981,62
1982,55
1983,45
1984,57
1985,62
1986,70
1987,62
1988,59
1989,61
1990,59
1991,53
1992,56
1993,66
1994,59
1995,51
1996,49
1997,68
1998,53
1999,55
2000,66
2001,49
2002,51
2003,57
2004,51
2005,68
2006,55
2007,55
2008,68
2009,59
2010,38
2011,59
2012,66
2013,57
2014,57
2015,66
2016,52
2017,55
2018,42
2019,59
2020,53
2021,57
2022,51
2023,42
2024,57
2025,55
2026,51
2027,70
2028,51
2029,59
2030,42
2031,49
2032,62
2033,62
2034,42
2035,51
2036,62
2037,55
2038,55
2039,62
2040,51
2041,62
2042,59
2043,64
2044,49
2045,40
2046,64
2047,68
2048,59
2049,65
2050,55
2051,59
2052,57
2053,59
2054,70
2055,66
2056,70
2057,51
2058,49
2059,55
2060,53
2061,53
2062,50
2063,72
2064,62
2065,53
2066,59
2067,64
2068,49
2069,64
2070,46
2071,70
2072,59
2073,44
2074,62
2075,59
2076,59
2077,64
2078,64
2079,51
2080,59
2081,53
2082,59
2083,53
2084,63
2085,53
2086,59
2087,57
2088,62
2089,53
2090,53
2091,39
2092,49
2093,62
2094,62
2095,51
2096,59
2097,62
2098,49
2099,75
2100,64
2101,49
2102,68
2103,66
2104,55
2105,44
2106,51
2107,44
2108,51
2109,68
2110,57
2111,44
2112,57
2113,68
2114,62
2115,63
2116,59
2117,49
2118,49
2119,55
2120,62
2121,62
2122,52
2123,42
2124,62
2125,64
2126,57
2127,57
2128,72
2129,57
2130,62
2131,53
2132,49
2133,55
2134,59
2135,44
2136,44
2137,53
2138,62
2139,62
2140,36
2141,62
2142,62
2143,53
2144,62
2145,62
2146,62
2147,46
2148,49
2149,70
2150,66
2151,57
2152,70
2153,64
2154,64
2155,59
2156,53
2157,38
2158,64
2159,57
2160,51
2161,59
2162,55
2163,62
2164,62
2165,64
2166,49
2167,55
2168,53
2169,64
2170,55
2171,62
2172,53
2173,55
2174,51
2175,57
2176,58
2177,51
2178,66
2179,64
2180,46
2181,40
2182,51
2183,50
2184,53
2185,55
2186,66
2187,51
2188,62
2189,61
2190,59
2191,55
2192,66
2193,62
2194,53
2195,62
2196,55
2197,52
2198,55
2199,53
2200,66
2201,53
2202,40
2203,46
2204,64
2205,49
2206,49
2207,57
2208,66
2209,51
2210,52
2211,62
2212,68
2213,53
2214,62
2215,54
2216,55
2217,64
2218,64
2219,46
2220,64
2221,57
2222,66
2223,51
2224,53
2225,35
2226,66
2227,46
2228,57
2229,69
2230,54
2231,63
2232,57
2233,53
2234,59
2235,55
2236,62
2237,70
2238,49
2239,62
2240,64
2241,53
2242,36
2243,57
2244,64
2245,46
2246,57
2247,69
2248,59
2249,57
2250,51
2251,62
2252,72
2253,68
2254,53
2255,64
2256,51
2257,55
2258,44
2259,53
2260,57
2261,62
2262,68
2263,61
2264,62
2265,64
2266,68
2267,62
2268,55
2269,75
2270,62
2271,57
2272,39
2273,44
2274,66
2275,46
2276,64
2277,62
2278,70
2279,57
2280,62
2281,66
2282,53
2283,55
2284,64
2285,53
2286,55
2287,55
2288,57
2289,44
2290,39
2291,55
2292,44
2293,49
2294,72
2295,44
2296,64
2297,51
2298,64
2299,40
2300,64
2301,44
2302,55
2303,62
2304,64
2305,44
2306,49
2307,62
2308,64
2309,57
2310,46
2311,55
2312,57
2313,68
2314,64
2315,64
2316,40
2317,55
2318,53
2319,70
2320,56
2321,59
2322,72
2323,57
2324,42
2325,51
2326,49
2327,55
2328,72
2329,62
2330,70
2331,61
2332,59
2333,62
2334,44
2335,64
2336,58
2337,68
2338,68
2339,59
2340,44
2341,62
2342,59
2343,57
2344,55
2345,56
2346,53
2347,66
2348,52
2349,64
2350,62
2351,55
2352,40
2353,51
2354,64
2355,46
2356,53
2357,65
2358,64
2359,54
2360,70
2361,57
2362,66
2363,59
2364,62
2365,52
2366,49
2367,53
2368,64
2369,59
2370,40
2371,53
2372,58
2373,62
2374,64
2375,55
2376,64
2377,53
2378,70
2379,64
2380,57
2381,62
2382,49
2383,57
2384,49
2385,55
2386,49
2387,53
2388,66
2389,57
2390,51
2391,62
2392,59
2393,57
2394,49
2395,57
2396,55
2397,42
2398,62
2399,70
2400,62
2401,44
2402,66
2403,55
2404,33
2405,68
2406,49
2407,57
2408,66
2409,57
2410,51
2411,66
2412,53
2413,55
2414,54
2415,44
2416,44
2417,55
2418,51
2419,64
2420,42
2421,64
2422,53
2423,62
2424,55
2425,53
2426,55
2427,46
2428,64
2429,57
2430,53
2431,57
2432,62
2433,33
2434,62
2435,64
2436,59
2437,55
2438,69
2439,67
2440,62
2441,40
2442,66
2443,62
2444,36
2445,51
2446,66
2447,64
2448,62
2449,49
2450,59
2451,62
2452,72
2453,59
2454,55
2455,68
2456,52
2457,55
2458,46
2459,55
2460,68
2461,70
2462,62
2463,57
2464,66
2465,53
2466,46
2467,57
2468,38
2469,51
2470,49
2471,74
2472,55
2473,42
2474,66
2475,59
2476,66
2477,57
2478,53
2479,56
2480,59
2481,59
2482,64
2483,51
2484,53
2485,49
2486,59
2487,62
2488,44
2489,49
2490,49
2491,59
2492,59
2493,68
2494,44
2495,44
2496,62
2497,38
2498,51
2499,63
2500,48
2501,57
2502,55
2503,63
2504,42
2505,46
2506,68
2507,46
2508,53
2509,68
2510,62
2511,51
2512,57
2513,70
2514,62
2515,53
2516,62
2517,57
2518,46
2519,44
2520,64
2521,70
2522,64
2523,56
2524,58
2525,66
2526,66
2527,55
2528,64
2529,55
2530,54
2531,53
2532,55
2533,66
2534,55
2535,62
2536,64
2537,51
2538,59
2539,70
2540,48
2541,44
2542,68
2543,55
2544,59
2545,38
2546,44
2547,66
2548,66
2549,54
2550,57
2551,66
2552,59
2553,68
2554,62
2555,59
2556,62
2557,51
2558,64
2559,68
2560,53
2561,62
2562,59
2563,55
2564,40
2565,62
2566,53
2567,59
2568,57
2569,61
2570,51
2571,70
2572,62
2573,49
2574,46
2575,53
2576,55
2577,55
2578,68
2579,62
2580,55
2581,59
2582,70
2583,62
2584,57
2585,49
2586,64
2587,51
2588,55
2589,59
2590,64
2591,53
2592,55
2593,68
2594,68
2595,65
2596,51
2597,55
2598,40
2599,66
2600,49
2601,59
2602,57
2603,53
2604,57
2605,59
2606,53
2607,55
2608,68
2609,62
2610,66
2611,57
2612,64
2613,66
2614,66
2615,38
2616,64
2617,55
2618,57
2619,44
2620,62
2621,66
2622,64
2623,58
2624,68
2625,57
2626,59
2627,54
2628,50
2629,55
2630,51
2631,40
2632,55
2633,51
2634,62
2635,66
2636,64
2637,49
2638,46
2639,64
2640,59
2641,70
2642,59
2643,38
2644,64
2645,54
2646,62
2647,59
2648,51
2649,64
2650,49
2651,44
2652,59
2653,66
2654,62
2655,64
2656,62
2657,53
2658,44
2659,49
2660,57
2661,70
2662,53
2663,62
2664,63
2665,48
2666,64
2667,68
2668,57
2669,57
2670,64
2671,53
2672,59
2673,59
2674,62
2675,53
2676,70
2677,53
2678,57
2679,62
2680,57
2681,57
2682,58
2683,53
2684,68
2685,70
2686,57
2687,46
2688,57
2689,42
2690,57
2691,65
2692,59
2693,57
2694,49
2695,66
2696,64
2697,53
2698,62
2699,64
2700,46
2701,66
2702,59
2703,70
2704,53
2705,77
2706,62
2707,57
2708,62
2709,55
2710,49
2711,64
2712,59
2713,53
2714,68
2715,66
2716,53
2717,59
2718,55
2719,53
2720,51
2721,49
2722,62
2723,44
2724,64
2725,55
2726,51
2727,49
2728,62
2729,59
2730,57
2731,72
2732,55
2733,65
2734,57
2735,53
2736,44
2737,51
2738,64
2739,62
2740,64
2741,62
2742,62
2743,38
2744,66
2745,53
2746,55
2747,66
2748,66
2749,59
2750,68
2751,68
2752,64
2753,55
2754,66
2755,51
2756,57
2757,66
2758,59
2759,59
2760,72
2761,51
2762,51
2763,49
2764,57
2765,56
2766,53
2767,55
2768,49
2769,62
2770,62
2771,53
2772,55
2773,58
2774,62
2775,64
2776,64
2777,64
2778,70
2779,62
2780,51
2781,51
2782,70
2783,57
2784,41
2785,51
2786,44
2787,55
2788,53
2789,51
2790,44
2791,59
2792,57
2793,49
2794,66
2795,64
2796,49
2797,55
2798,72
2799,62
2800,63
2801,61
2802,57
2803,57
2804,49
2805,40
2806,51
2807,52
2808,49
2809,55
2810,66
2811,66
2812,65
2813,42
2814,66
2815,67
2816,43
2817,53
2818,57
2819,49
2820,55
2821,57
2822,55
2823,55
2824,53
2825,75
2826,55
2827,57
2828,53
2829,53
2830,55
2831,51
2832,46
2833,46
2834,57
2835,59
2836,53
2837,42
2838,51
2839,62
2840,63
2841,57
2842,49
2843,66
2844,62
2845,46
2846,42
2847,49
2848,57
2849,51
2850,35
2851,42
2852,59
2853,46
2854,53
2855,57
2856,68
2857,57
2858,59
2859,57
2860,68
2861,64
2862,49
2863,57
2864,55
2865,64
2866,62
2867,59
2868,67
2869,66
2870,49
2871,44
2872,64
2873,64
2874,53
2875,48
2876,36
2877,75
2878,53
2879,55
2880,49
2881,62
2882,57
2883,61
2884,62
2885,64
2886,72
2887,72
2888,53
2889,57
2890,57
2891,53
2892,53
2893,62
2894,62
2895,66
2896,59
2897,55
2898,49
2899,42
2900,59
2901,77
2902,40
2903,49
2904,53
2905,44
2906,62
2907,55
2908,51
2909,53
2910,55
2911,59
2912,59
2913,66
2914,46
2915,53
2916,68
2917,57
2918,51
2919,61
2920,59
2921,66
2922,68
2923,59
2924,62
2925,62
2926,74
2927,66
2928,53
2929,51
2930,49
2931,62
2932,62
2933,68
2934,62
2935,65
2936,51
2937,44
2938,44
2939,59
2940,51
2941,51
2942,53
2943,42
2944,70
2945,57
2946,55
2947,72
2948,57
2949,40
2950,64
2951,57
2952,66
2953,70
2954,55
2955,66
2956,68
2957,66
2958,55
2959,66
2960,68
2961,62
2962,40
2963,57
2964,68
2965,36
2966,55
2967,62
2968,55
2969,64
2970,53
2971,64
2972,53
2973,68
2974,46
2975,62
2976,66
2977,70
2978,42
2979,38
2980,58
2981,55
2982,51
2983,40
2984,66
2985,64
2986,55
2987,59
2988,55
2989,62
2990,57
2991,49
2992,62
2993,68
2994,55
2995,51
2996,55
2997,66
2998,50
2999,62
3000,51
3001,59
3002,49
3003,57
3004,62
3005,64
3006,57
3007,64
3008,57
3009,69
3010,59
3011,58
3012,36
3013,51
3014,48
3015,62
3016,66
3017,59
3018,70
3019,69
3020,62
3021,62
3022,53
3023,68
3024,53
3025,56
3026,64
3027,66
3028,64
3029,53
3030,64
3031,62
3032,68
3033,62
3034,51
3035,49
3036,53
3037,68
3038,51
3039,53
3040,55
3041,40
3042,62
3043,55
3044,62
3045,53
3046,55
3047,46
3048,59
3049,64
3050,54
3051,57
3052,42
3053,40
3054,59
3055,62
3056,38
3057,66
3058,64
3059,55
3060,55
3061,59
3062,68
3063,55
3064,62
3065,40
3066,59
3067,49
3068,62
3069,62
3070,62
3071,62
3072,38
3073,62
3074,66
3075,46
3076,51
3077,54
3078,53
3079,77
3080,64
3081,64
3082,57
3083,62
3084,46
3085,59
3086,68
3087,64
3088,62
3089,57
3090,51
3091,59
3092,57
3093,72
3094,62
3095,44
3096,66
3097,51
3098,55
3099,53
3100,53
3101,62
3102,44
3103,62
3104,68
3105,59
3106,68
3107,55
3108,62
3109,59
3110,57
3111,62
3112,51
3113,55
3114,42
3115,56
3116,66
3117,49
3118,66
3119,44
3120,49
3121,62
3122,70
3123,55
3124,55
3125,56
3126,59
3127,57
3128,36
3129,57
3130,51
3131,38
3132,49
3133,59
3134,49
3135,55
3136,59
3137,64
3138,66
3139,53
3140,59
3141,55
3142,59
3143,66
3144,53
3145,51
3146,53
3147,59
3148,53
3149,40
3150,57
3151,49
3152,57
3153,49
3154,62
3155,66
3156,65
3157,57
3158,57
3159,55
3160,62
3161,62
3162,70
3163,51
3164,64
3165,53
3166,64
3167,55
3168,55
3169,66
3170,51
3171,59
3172,49
3173,49
3174,66
3175,68
3176,53
3177,44
3178,64
3179,68
3180,66
3181,53
3182,59
3183,66
3184,42
3185,52
3186,64
3187,51
3188,62
3189,62
3190,53
3191,44
3192,44
3193,57
3194,51
3195,59
3196,64
3197,49
3198,44
3199,53
3200,59
3201,57
3202,62
3203,64
3204,57
3205,57
3206,53
3207,55
3208,67
3209,51
3210,62
3211,55
3212,44
3213,68
3214,59
3215,59
3216,64
3217,46
3218,59
3219,36
3220,55
3221,51
3222,55
3223,51
3224,57
3225,64
3226,59
3227,53
3228,59
3229,48
3230,62
3231,59
3232,50
3233,49
3234,55
3235,55
3236,67
3237,64
3238,57
3239,64
3240,68
3241,57
3242,55
3243,53
3244,59
3245,43
3246,64
3247,59
3248,62
3249,57
3250,62
3251,53
3252,59
3253,62
3254,66
3255,51
3256,49
3257,64
3258,57
3259,58
3260,66
3261,55
3262,70
3263,53
3264,52
3265,66
3266,49
3267,70
3268,59
3269,64
3270,57
3271,40
3272,59
3273,49
3274,57
3275,53
3276,66
3277,53
3278,66
3279,62
3280,53
3281,65
3282,64
3283,66
3284,55
3285,53
3286,45
3287,40
3288,72
3289,53
3290,59
3291,36
3292,62
3293,62
3294,49
3295,53
3296,51
3297,57
3298,62
3299,51
3300,64
3301,66
3302,66
3303,57
3304,69
3305,59
3306,61
3307,49
3308,62
3309,59
3310,53
3311,49
3312,57
3313,53
3314,62
3315,61
3316,62
3317,53
3318,55
3319,64
3320,57
3321,55
3322,64
3323,55
3324,66
3325,49
3326,59
3327,51
3328,53
3329,64
3330,44
3331,46
3332,72
3333,66
3334,57
3335,59
3336,51
3337,58
3338,42
3339,67
3340,55
3341,51
3342,57
3343,49
3344,44
3345,64
3346,64
3347,57
3348,63
3349,55
3350,68
3351,62
3352,55
3353,70
3354,53
3355,62
3356,64
3357,51
3358,64
3359,59
3360,49
3361,57
3362,46
3363,71
3364,38
3365,57
3366,57
3367,66
3368,49
3369,57
3370,59
3371,70
3372,55
3373,62
3374,42
3375,57
3376,46
3377,54
3378,59
3379,49
3380,46
3381,66
3382,66
3383,53
3384,62
3385,55
3386,42
3387,75
3388,72
3389,51
3390,68
3391,53
3392,55
3393,62
3394,57
3395,57
3396,66
3397,55
3398,40
3399,64
3400,51
3401,62
3402,59
3403,51
3404,57
3405,55
3406,66
3407,62
3408,51
3409,33
3410,66
3411,57
3412,62
3413,53
3414,59
3415,64
3416,40
3417,66
3418,53
3419,57
3420,62
3421,49
3422,70
3423,55
3424,59
3425,49
3426,62
3427,55
3428,70
3429,62
3430,63
3431,61
3432,46
3433,56
3434,46
3435,56
3436,62
3437,40
3438,44
3439,51
3440,51
3441,64
3442,44
3443,51
3444,49
3445,66
3446,44
3447,68
3448,57
3449,64
3450,59
3451,61
3452,40
3453,51
3454,51
3455,68
3456,49
3457,53
3458,64
3459,53
3460,55
3461,53
3462,49
3463,57
3464,51
3465,55
3466,64
3467,59
3468,66
3469,66
3470,51
3471,68
3472,57
3473,59
3474,59
3475,64
3476,68
3477,59
3478,68
3479,62
3480,72
3481,59
3482,44
3483,55
3484,62
3485,42
3486,51
3487,43
3488,66
3489,57
3490,53
3491,46
3492,68
3493,66
3494,55
3495,64
3496,62
3497,62
3498,46
3499,68
3500,62
3501,40
3502,51
3503,51
3504,70
3505,64
3506,57
3507,59
3508,59
3509,62
3510,57
3511,49
3512,62
3513,42
3514,53
3515,62
3516,66
3517,62
3518,42
3519,66
3520,53
3521,49
3522,72
3523,57
3524,70
3525,55
3526,53
3527,40
3528,51
3529,49
3530,62
3531,61
3532,66
3533,64
3534,66
3535,55
3536,49
3537,62
3538,52
3539,44
3540,49
3541,68
3542,53
3543,62
3544,66
3545,59
3546,58
3547,70
3548,53
3549,49
3550,49
3551,46
3552,66
3553,53
3554,49
3555,57
3556,51
3557,53
3558,42
3559,57
3560,31
3561,68
3562,59
3563,51
3564,51
3565,55
3566,66
3567,59
3568,62
3569,66
3570,59
3571,42
3572,53
3573,46
3574,53
3575,59
3576,57
3577,57
3578,66
3579,62
3580,68
3581,62
3582,57
3583,64
3584,54
3585,46
3586,36
3587,46
3588,62
3589,49
3590,49
3591,70
3592,51
3593,59
3594,67
3595,66
3596,53
3597,46
3598,53
3599,62
3600,62
3601,61
3602,51
3603,55
3604,49
3605,53
3606,57
3607,53
3608,57
3609,49
3610,53
3611,57
3612,62
3613,66
3614,57
3615,59
3616,49
3617,62
3618,51
3619,66
3620,62
3621,62
3622,64
3623,66
3624,63
3625,66
3626,53
3627,32
3628,57
3629,55
3630,54
3631,51
3632,64
3633,46
3634,66
3635,46
3636,55
3637,56
3638,70
3639,42
3640,62
3641,62
3642,66
3643,62
3644,75
3645,55
3646,35
3647,55
3648,62
3649,53
3650,46
3651,55
3652,49
3653,49
3654,68
3655,44
3656,55
3657,64
3658,50
3659,51
3660,67
3661,49
3662,68
3663,51
3664,67
3665,38
3666,59
3667,62
3668,49
3669,49
3670,55
3671,53
3672,40
3673,38
3674,64
3675,68
3676,70
3677,46
3678,42
3679,62
3680,64
3681,64
3682,46
3683,64
3684,68
3685,42
3686,46
3687,64
3688,49
3689,64
3690,62
3691,62
3692,62
3693,70
3694,59
3695,62
3696,64
3697,62
3698,62
3699,64
3700,66
3701,59
3702,46
3703,53
3704,64
3705,55
3706,49
3707,62
3708,52
3709,68
3710,49
3711,62
3712,40
3713,62
3714,62
3715,66
3716,62
3717,65
3718,38
3719,58
3720,62
3721,44
3722,57
3723,57
3724,51
3725,53
3726,68
3727,57
3728,64
3729,57
3730,66
3731,64
3732,53
3733,42
3734,55
3735,55
3736,40
3737,53
3738,53
3739,49
3740,55
3741,59
3742,42
3743,70
3744,70
3745,55
3746,62
3747,57
3748,62
3749,49
3750,49
3751,52
3752,53
3753,55
3754,66
3755,70
3756,51
3757,55
3758,66
3759,53
3760,49
3761,57
3762,59
3763,59
3764,42
3765,55
3766,51
3767,57
3768,55
3769,59
3770,40
3771,57
3772,54
3773,54
3774,46
3775,38
3776,57
3777,62
3778,57
3779,41
3780,51
3781,64
3782,51
3783,56
3784,53
3785,64
3786,53
3787,75
3788,66
3789,70
3790,62
3791,62
3792,53
3793,59
3794,68
3795,50
3796,46
3797,62
3798,42
3799,61
3800,64
3801,62
3802,53
3803,66
3804,70
3805,72
3806,55
3807,62
3808,57
3809,62
3810,57
3811,62
3812,49
3813,64
3814,57
3815,59
3816,36
3817,59
3818,49
3819,70
3820,66
3821,57
3822,57
3823,55
3824,62
3825,53
3826,57
3827,59
3828,72
3829,66
3830,63
3831,53
3832,48
3833,66
3834,62
3835,58
3836,38
3837,64
3838,62
3839,49
3840,68
3841,66
3842,62
3843,42
3844,51
3845,49
3846,75
3847,53
3848,62
3849,66
3850,66
3851,62
3852,46
3853,51
3854,57
3855,53
3856,57
3857,59
3858,57
3859,57
3860,62
3861,57
3862,62
3863,46
3864,49
3865,55
3866,68
3867,55
3868,59
3869,62
3870,57
3871,53
3872,70
3873,48
3874,55
3875,59
3876,53
3877,51
3878,53
3879,55
3880,61
3881,68
3882,44
3883,53
3884,49
3885,62
3886,58
3887,75
3888,57
3889,55
3890,62
3891,59
3892,57
3893,49
3894,64
3895,53
3896,59
3897,62
3898,57
3899,53
3900,49
3901,57
3902,55
3903,55
3904,46
3905,66
3906,55
3907,64
3908,53
3909,42
3910,59
3911,68
3912,72
3913,62
3914,49
3915,53
3916,57
3917,57
3918,61
3919,59
3920,42
3921,57
3922,57
3923,57
3924,66
3925,64
3926,51
3927,44
3928,62
3929,49
3930,59
3931,64
3932,46
3933,64
3934,53
3935,49
3936,66
3937,56
3938,55
3939,62
3940,55
3941,62
3942,46
3943,54
3944,59
3945,51
3946,71
3947,64
3948,53
3949,58
3950,51
3951,57
3952,54
3953,59
3954,70
3955,59
3956,57
3957,53
3958,55
3959,64
3960,51
3961,57
3962,51
3963,57
3964,51
3965,55
3966,59
3967,59
3968,53
3969,59
3970,62
3971,59
3972,59
3973,66
3974,62
3975,59
3976,64
3977,53
3978,64
3979,53
3980,49
3981,40
3982,66
3983,57
3984,36
3985,51
3986,59
3987,62
3988,62
3989,42
3990,44
3991,42
3992,62
3993,53
3994,59
3995,64
3996,64
3997,55
3998,49
3999,40
4000,51
4001,66
4002,57
4003,62
4004,64
4005,57
4006,63
4007,64
4008,69
4009,53
4010,50
4011,51
4012,49
4013,44
4014,38
4015,36
4016,55
4017,62
4018,40
4019,53
4020,72
4021,57
4022,61
4023,57
4024,62
4025,53
4026,66
4027,46
4028,68
4029,62
4030,64
4031,51
4032,42
4033,49
4034,54
4035,59
4036,64
4037,57
4038,54
4039,64
4040,62
4041,53
4042,53
4043,62
4044,53
4045,57
4046,53
4047,51
4048,64
4049,65
4050,53
4051,62
4052,57
4053,51
4054,62
4055,53
4056,53
4057,49
4058,67
4059,72
4060,55
4061,45
4062,55
4063,64
4064,62
4065,58
4066,42
4067,65
4068,62
4069,51
4070,51
4071,71
4072,66
4073,62
4074,42
4075,36
4076,70
4077,53
4078,44
4079,62
4080,68
4081,62
4082,49
4083,46
4084,57
4085,64
4086,53
4087,51
4088,40
4089,62
4090,46
4091,44
4092,51
4093,70
4094,44
4095,51
4096,53
4097,53
4098,59
4099,49
4100,62
4101,68
4102,59
4103,51
4104,59
4105,53
4106,53
4107,55
4108,64
4109,33
4110,44
4111,57
4112,49
4113,62
4114,72
4115,70
4116,64
4117,68
4118,62
4119,51
4120,57
4121,57
4122,57
4123,64
4124,64
4125,62
4126,68
4127,49
4128,36
4129,53
4130,55
4131,55
4132,62
4133,55
4134,51
4135,64
4136,64
4137,40
4138,38
4139,55
4140,51
4141,75
4142,55
4143,62
4144,62
4145,59
4146,57
4147,68
4148,62
4149,59
4150,49
4151,40
4152,57
4153,40
4154,64
4155,76
4156,62
4157,62
4158,68
4159,56
4160,64
4161,49
4162,41
4163,46
4164,54
4165,68
4166,57
4167,55
4168,66
4169,59
4170,62
4171,57
4172,64
4173,53
4174,49
4175,57
4176,49
4177,42
4178,61
4179,51
4180,44
4181,62
4182,55
4183,59
4184,58
4185,64
4186,68
4187,59
4188,56
4189,51
4190,59
4191,44
4192,64
4193,44
4194,53
4195,46
4196,44
4197,44
4198,55
4199,62
4200,55
4201,57
4202,36
4203,66
4204,66
4205,66
4206,51
4207,53
4208,67
4209,66
4210,68
4211,70
4212,55
4213,55
4214,53
4215,70
4216,62
4217,62
4218,72
4219,33
4220,51
4221,66
4222,53
4223,55
4224,57
4225,51
4226,63
4227,62
4228,53
4229,64
4230,62
4231,59
4232,57
4233,70
4234,62
4235,64
4236,66
4237,75
4238,62
4239,64
4240,64
4241,75
4242,64
4243,44
4244,49
4245,44
4246,75
4247,55
4248,66
4249,55
4250,68
4251,64
4252,61
4253,64
4254,62
4255,53
4256,64
4257,49
4258,51
4259,59
4260,59
4261,55
4262,49
4263,68
4264,68
4265,64
4266,49
4267,53
4268,75
4269,59
4270,62
4271,59
4272,55
4273,56
4274,46
4275,57
4276,62
4277,51
4278,55
4279,59
4280,62
4281,46
4282,55
4283,44
4284,46
4285,62
4286,70
4287,55
4288,70
4289,53
4290,55
4291,55
4292,70
4293,51
4294,63
4295,62
4296,53
4297,55
4298,49
4299,49
4300,42
4301,70
4302,64
4303,51
4304,62
4305,68
4306,59
4307,46
4308,55
4309,53
4310,64
4311,55
4312,62
4313,68
4314,51
4315,61
4316,53
4317,55
4318,62
4319,55
4320,64
4321,57
4322,53
4323,68
4324,51
4325,59
4326,62
4327,64
4328,42
4329,59
4330,55
4331,42
4332,66
4333,68
4334,55
4335,54
4336,36
4337,59
4338,49
4339,66
4340,49
4341,51
4342,44
4343,59
4344,62
4345,57
4346,51
4347,70
4348,51
4349,44
4350,57
4351,68
4352,51
4353,51
4354,49
4355,64
4356,66
4357,55
4358,61
4359,55
4360,57
4361,50
4362,70
4363,68
4364,57
4365,53
4366,68
4367,61
4368,49
4369,59
4370,68
4371,44
4372,44
4373,68
4374,66
4375,58
4376,59
4377,66
4378,55
4379,57
4380,58
4381,53
4382,53
4383,53
4384,42
4385,70
4386,66
4387,59
4388,75
4389,36
4390,62
4391,71
4392,59
4393,68
4394,62
4395,62
4396,59
4397,49
4398,59
4399,44
4400,51
4401,62
4402,53
4403,70
4404,55
4405,53
4406,33
4407,44
4408,56
4409,55
4410,62
4411,57
4412,54
4413,62
4414,53
4415,57
4416,55
4417,66
4418,64
4419,55
4420,65
4421,57
4422,62
4423,53
4424,46
4425,64
4426,51
4427,55
4428,53
4429,64
4430,57
4431,66
4432,64
4433,51
4434,75
4435,53
4436,59
4437,57
4438,62
4439,51
4440,66
4441,55
4442,72
4443,55
4444,40
4445,49
4446,66
4447,77
4448,57
4449,53
4450,55
4451,51
4452,51
4453,66
4454,64
4455,44
4456,57
4457,53
4458,64
4459,51
4460,36
4461,64
4462,46
4463,64
4464,51
4465,62
4466,57
4467,64
4468,66
4469,66
4470,55
4471,53
4472,64
4473,51
4474,67
4475,49
4476,51
4477,44
4478,57
4479,64
4480,66
4481,49
4482,51
4483,70
4484,51
4485,65
4486,51
4487,57
4488,55
4489,51
4490,53
4491,38
4492,64
4493,51
4494,67
4495,62
4496,53
4497,38
4498,57
4499,42
4500,38
4501,55
4502,52
4503,46
4504,42
4505,53
4506,62
4507,55
4508,49
4509,55
4510,49
4511,45
4512,51
4513,44
4514,46
4515,68
4516,64
4517,36
4518,62
4519,70
4520,59
4521,51
4522,59
4523,62
4524,55
4525,44
4526,55
4527,51
4528,59
4529,38
4530,59
4531,64
4532,59
4533,66
4534,68
4535,70
4536,64
4537,55
4538,51
4539,59
4540,53
4541,56
4542,72
4543,59
4544,55
4545,59
4546,55
4547,51
4548,44
4549,64
4550,51
4551,54
4552,53
4553,55
4554,62
4555,38
4556,57
4557,64
4558,62
4559,55
4560,68
4561,55
4562,59
4563,66
4564,57
4565,65
4566,59
4567,64
4568,70
4569,49
4570,53
4571,44
4572,44
4573,44
4574,46
4575,64
4576,70
4577,64
4578,62
4579,55
4580,66
4581,57
4582,53
4583,66
4584,57
4585,66
4586,49
4587,53
4588,55
4589,66
4590,49
4591,55
4592,62
4593,49
4594,49
4595,62
4596,62
4597,57
4598,77
4599,58
4600,42
4601,61
4602,68
4603,62
4604,68
4605,64
4606,77
4607,55
4608,62
4609,65
4610,46
4611,66
4612,61
4613,64
4614,57
4615,51
4616,57
4617,55
4618,62
4619,53
4620,44
4621,50
4622,53
4623,55
4624,51
4625,55
4626,55
4627,62
4628,57
4629,66
4630,72
4631,40
4632,53
4633,46
4634,62
4635,57
4636,62
4637,56
4638,68
4639,59
4640,44
4641,66
4642,53
4643,55
4644,50
4645,65
4646,62
4647,62
4648,62
4649,62
4650,55
4651,59
4652,72
4653,59
4654,54
4655,55
4656,59
4657,51
4658,57
4659,42
4660,62
4661,59
4662,62
4663,68
4664,55
4665,38
4666,49
4667,51
4668,62
4669,51
4670,51
4671,57
4672,53
4673,64
4674,49
4675,36
4676,53
4677,62
4678,51
4679,59
4680,49
4681,68
4682,55
4683,53
4684,51
4685,66
4686,62
4687,49
4688,55
4689,53
4690,63
4691,38
4692,55
4693,62
4694,59
4695,66
4696,51
4697,58
4698,49
4699,70
4700,64
4701,66
4702,64
4703,59
4704,54
4705,51
4706,66
4707,59
4708,53
4709,36
4710,53
4711,72
4712,42
4713,64
4714,49
4715,53
4716,72
4717,59
4718,58
4719,66
4720,53
4721,53
4722,46
4723,57
4724,64
4725,49
4726,53
4727,70
4728,49
4729,62
4730,68
4731,44
4732,57
4733,55
4734,44
4735,38
4736,49
4737,57
4738,68
4739,62
4740,59
4741,68
4742,57
4743,68
4744,55
4745,46
4746,49
4747,51
4748,46
4749,64
4750,42
4751,57
4752,69
4753,64
4754,40
4755,64
4756,51
4757,66
4758,49
4759,55
4760,55
4761,46
4762,40
4763,53
4764,57
4765,46
4766,51
4767,53
4768,53
4769,49
4770,49
4771,55
4772,51
4773,70
4774,57
4775,59
4776,66
4777,52
4778,62
4779,44
4780,62
4781,68
4782,55
4783,49
4784,58
4785,53
4786,64
4787,70
4788,44
4789,59
4790,62
4791,62
4792,62
4793,51
4794,57
4795,49
4796,55
4797,51
4798,53
4799,66
4800,59
4801,57
4802,59
4803,66
4804,62
4805,68
4806,66
4807,62
4808,53
4809,59
4810,49
4811,46
4812,62
4813,62
4814,64
4815,59
4816,62
4817,62
4818,57
4819,53
4820,64
4821,51
4822,57
4823,62
4824,57
4825,46
4826,66
4827,62
4828,57
4829,57
4830,62
4831,66
4832,64
4833,53
4834,51
4835,53
4836,59
4837,53
4838,62
4839,62
4840,59
4841,55
4842,72
4843,64
4844,57
4845,57
4846,63
4847,62
4848,55
4849,55
4850,69
4851,49
4852,57
4853,55
4854,49
4855,70
4856,62
4857,64
4858,68
4859,53
4860,40
4861,70
4862,62
4863,36
4864,57
4865,66
4866,53
4867,53
4868,57
4869,49
4870,66
4871,40
4872,62
4873,66
4874,57
4875,51
4876,59
4877,62
4878,55
4879,64
4880,62
4881,66
4882,59
4883,53
4884,63
4885,55
4886,53
4887,70
4888,59
4889,58
4890,46
4891,59
4892,66
4893,55
4894,59
4895,59
4896,49
4897,57
4898,51
4899,66
4900,63
4901,58
4902,55
4903,38
4904,70
4905,43
4906,59
4907,66
4908,63
4909,59
4910,46
4911,70
4912,42
4913,57
4914,49
4915,53
4916,57
4917,66
4918,62
4919,49
4920,62
4921,75
4922,49
4923,42
4924,44
4925,57
4926,57
4927,62
4928,45
4929,54
4930,51
4931,49
4932,59
4933,64
4934,64
4935,62
4936,59
4937,72
4938,55
4939,55
4940,62
4941,62
4942,57
4943,55
4944,62
4945,49
4946,42
4947,57
4948,64
4949,62
4950,68
4951,42
4952,57
4953,55
4954,66
4955,44
4956,42
4957,55
4958,49
4959,55
4960,53
4961,66
4962,62
4963,52
4964,64
4965,53
4966,53
4967,62
4968,57
4969,46
4970,55
4971,66
4972,57
4973,59
4974,57
4975,55
4976,57
4977,49
4978,62
4979,59
4980,49
4981,53
4982,77
4983,66
4984,49
4985,55
4986,55
4987,59
4988,51
4989,51
4990,53
4991,66
4992,40
4993,59
4994,66
4995,64
4996,57
4997,61
4998,67
4999,57
5000,68
5001,44
5002,48
5003,62
5004,57
5005,59
5006,61
5007,68
5008,55
5009,72
5010,66
5011,57
5012,40
5013,57
5014,44
5015,51
5016,62
5017,62
5018,54
5019,51
5020,59
5021,61
5022,57
5023,53
5024,49
5025,59
5026,53
5027,42
5028,70
5029,64
5030,46
5031,40
5032,46
5033,57
5034,56
5035,53
5036,44
5037,57
5038,53
5039,62
5040,55
5041,57
5042,68
5043,57
5044,62
5045,59
5046,68
5047,59
5048,42
5049,55
5050,66
5051,62
5052,62
5053,53
5054,64
5055,59
5056,57
5057,53
5058,57
5059,53
5060,62
5061,58
5062,50
5063,57
5064,55
5065,66
5066,59
5067,57
5068,62
5069,57
5070,64
5071,40
5072,68
5073,36
5074,66
5075,70
5076,44
5077,62
5078,56
5079,51
5080,53
5081,59
5082,59
5083,57
5084,55
5085,42
5086,53
5087,64
5088,59
5089,31
5090,62
5091,57
5092,45
5093,55
5094,38
5095,62
5096,66
5097,51
5098,53
5099,62
5100,55
5101,42
5102,57
5103,57
5104,66
5105,46
5106,62
5107,64
5108,66
5109,66
5110,49
5111,57
5112,49
5113,52
5114,49
5115,51
5116,36
5117,64
5118,57
5119,44
5120,55
5121,53
5122,55
5123,62
5124,55
5125,55
5126,53
5127,63
5128,66
5129,64
5130,58
5131,51
5132,64
5133,64
5134,59
5135,55
5136,53
5137,44
5138,40
5139,42
5140,40
5141,57
5142,52
5143,66
5144,64
5145,55
5146,59
5147,55
5148,49
5149,55
5150,65
5151,66
5152,53
5153,51
5154,51
5155,43
5156,59
5157,64
5158,64
5159,59
5160,72
5161,70
5162,59
5163,55
5164,64
5165,53
5166,66
5167,53
5168,64
5169,62
5170,62
